Keyword,Score,Top 10,Source,Country
lawyer,100,Yes,Google,United States
lawyers near me,95.15,Yes,Google,United States
lawyer salary,95.13,Yes,Google,United States
lawyers guns and money,75.22,Yes,Google,United States
lawyer definition,72.67,Yes,Google,United States
lawyers title,57.63,Yes,Google,United States
lawyer quotes,96.02,No,Google,United States
lawyer degree,95.75,No,Google,United States
lawyer office,95.48,No,Google,United States
lawyer bookcase,95.23,No,Google,United States
lawyer average salary,95.21,No,Google,United States
lawyer near me,94.35,No,Google,United States
lawyer referral service,93.14,No,Google,United States
lawyer for child support,92.74,No,Google,United States
lawyer retainer,90.87,No,Google,United States
lawyer exam,90.83,No,Google,United States
lawyer description,90.64,No,Google,United States
lawyer license,90.6,No,Google,United States
lawyer names,90.58,No,Google,United States
lawyer reviews,85.47,No,Google,United States
lawyer fees,85.44,No,Google,United States
lawyer insurance,80.61,No,Google,United States
lawyer retainer fee,79.31,No,Google,United States
lawyer jobs near me,77.48,No,Google,United States
lawyer attorney,61.62,No,Google,United States
lawyer organization,61.14,No,Google,United States
lawyer benefits,61.1,No,Google,United States
lawyer email,31.81,No,Google,United States
